"x1","x2","y"
1.50618001525759,138.549971103533,"-1"
2.16930373452521,119.50142502434,"-1"
2.5568309482891,165.077026529255,"-1"
2.10458254554265,176.219873171786,"-1"
2.75771461439495,104.27108292883,"-1"
1.86285669249944,108.607501194271,"-1"
3.22569302510933,153.010043909716,"-1"
2.66603132027838,153.85057818409,"-1"
2.93827392400379,132.427853481647,"-1"
2.32264377256005,194.558152477826,"-1"
1.9545622542576,100.574664679258,"-1"
3.66788565579126,105.652244296381,"-1"
1.80999368992907,138.463259129962,"-1"
1.85969291587379,155.045456449198,"-1"
1.95188642735746,115.773192828635,"-1"
3.95705810728542,180.805483063595,"-1"
2.41620462352305,140.206776534738,"-1"
3.38917962143581,115.830640614619,"-1"
1.67798232458069,119.721768454556,"-1"
2.16070113349944,122.726006623253,"-1"
2.37268046545777,161.481766099747,"-1"
3.02653667357813,118.558051332512,"-1"
2.25722835481433,150.354473630936,"-1"
3.05725024150613,111.410448667402,"-1"
2.59021780919448,149.943383125046,"-1"
2.64420524911912,154.694207923324,"-1"
4.19696354457392,188.069057739129,"-1"
1.95820387385444,146.752094022277,"-1"
3.28022370950739,173.810878765101,"-1"
3.37787089498113,97.577371194686,"-1"
3.83390864304626,159.803869049313,"-1"
2.75929588278185,149.163223378757,"-1"
2.70062796373463,190.156159077114,"-1"
2.62264731494447,106.034267562846,"-1"
3.07218344479682,172.938593303383,"-1"
2.98843329532906,137.659194171429,"-1"
2.27454648702574,150.848539113887,"-1"
3.20879850741207,149.090667671938,"-1"
2.97530154169827,157.111479174479,"-1"
3.06009462527492,131.556607721086,"-1"
4.75193023602679,158.760074724709,"-1"
2.72166247932277,161.682736099467,"-1"
2.08900700441785,142.958414456709,"-1"
2.83777132223126,137.97337459934,"-1"
2.28754852729058,210.925050887422,"-1"
1.88371662227988,115.429592431148,"-1"
2.19879948351021,141.992698474728,"-1"
2.5881783446279,167.594654309399,"-1"
3.27804914164756,154.95433960931,"-1"
2.78559521359558,188.93581654413,"-1"
1.84066614705704,163.220991327291,"-1"
2.37549545680697,171.816915649312,"-1"
1.27622671870962,178.583870560444,"-1"
2.33821799133023,104.840691592357,"-1"
1.45078621767073,147.825830093413,"-1"
1.38793684903004,169.16359945568,"-1"
3.2697105133167,197.73823907298,"-1"
2.35749217679179,91.3522711165155,"-1"
2.50263168094006,120.337278637366,"-1"
2.90929213241361,179.703531529852,"-1"
2.13515144940877,179.652839411268,"-1"
2.33127670466566,134.375013584087,"-1"
2.04195610514132,101.148034134709,"-1"
2.21733102172901,120.625820545551,"-1"
1.66027518069696,193.854142151474,"-1"
3.13070841678376,82.3650134062065,"-1"
2.9953852641153,140.432678228451,"-1"
1.87138520626833,166.853405017311,"-1"
3.92528324155046,146.071218872365,"-1"
2.3000571540594,148.820949690883,"-1"
2.25912208272936,198.584968730513,"-1"
1.30053431206401,138.542697393156,"-1"
2.52736427824791,157.343753159644,"-1"
1.77116222225859,136.250678896753,"-1"
2.78110846985269,165.177861739596,"-1"
2.65633148977216,138.167318853802,"-1"
3.18770394137105,160.345681571179,"-1"
1.96067588912831,146.58841811288,"-1"
1.1699314788023,221.422210915474,"-1"
2.81203662467355,201.162681512965,"-1"
2.85309254592774,131.208579323485,"-1"
3.52717273947369,133.475136101772,"-1"
2.36945135863888,107.365805385942,"-1"
2.89965523449735,117.658892500176,"-1"
2.86811525365159,90.9563752787811,"-1"
2.11897436798233,169.389237152309,"-1"
1.25468608769155,121.112308845816,"-1"
1.94878196870945,146.232734870307,"-1"
2.61872591126931,203.204656407567,"-1"
2.60834359272337,169.655011498361,"-1"
1.40212652762006,111.090346474401,"-1"
2.42551705810569,124.71734128514,"-1"
1.60543365248429,94.4177675501701,"-1"
3.09586188603979,113.521760673553,"-1"
2.56214606876631,194.541046460901,"-1"
2.10005696602072,163.768550351287,"-1"
2.98939478315416,108.594037426149,"-1"
1.80477217958716,168.19537924231,"-1"
3.43292639227449,172.114874148937,"-1"
1.88421468891482,117.121388014302,"-1"
1.05420450648346,145.567685315364,"-1"
1.76602740747908,153.246941582483,"-1"
2.21483466834323,160.185431417562,"-1"
2.35875703457163,173.995991285311,"-1"
1.86055097892281,166.098397680876,"-1"
2.18576285934122,151.353987208112,"-1"
2.71898006585952,229.279716150742,"-1"
2.70651358600153,147.870623534133,"-1"
2.58832965095021,98.038646630243,"-1"
1.76787110198204,121.879342343662,"-1"
2.67034931992045,138.600462768354,"-1"
3.62266827299769,175.958387948435,"-1"
1.85325215293304,107.066642156922,"-1"
4.03562684994114,109.1735573565,"-1"
3.19253510744632,141.438202157547,"-1"
1.48887382311488,168.45613849869,"-1"
1.73469929816451,172.529682513362,"-1"
2.25730395104557,140.016190990474,"-1"
2.49823711607955,123.3127814572,"-1"
1.76954291601948,215.894241515484,"-1"
1.98028545884547,163.728950071166,"-1"
2.80104886207047,152.795931392524,"-1"
2.72239710611896,167.330531409305,"-1"
1.89622328770204,127.481024945961,"-1"
2.12153222582442,156.749782015173,"-1"
1.76883965831595,164.11559894479,"-1"
0.417360232458711,128.285535919318,"-1"
2.02522600143925,142.238579965436,"-1"
1.98881608434146,166.976155874596,"-1"
2.41526643494754,103.013052236561,"-1"
1.71576707637675,184.436526242029,"-1"
2.88098836771002,144.30644604542,"-1"
1.37008697247882,132.472735410646,"-1"
3.80480252191071,126.976671199733,"-1"
1.59761129418035,197.269884312984,"-1"
2.85076087161809,139.018413538481,"-1"
4.02052018750332,151.302964703258,"-1"
1.93939166064013,131.921649778954,"-1"
2.20260849318176,122.354302123232,"-1"
1.95719740157555,167.383357285281,"-1"
2.58116102756924,147.87413761009,"-1"
2.94262386724119,155.514059369986,"-1"
1.28222320333843,129.660230428186,"-1"
1.68276055854053,179.654431319173,"-1"
1.38745428987026,165.81870690948,"-1"
2.84667183673631,162.440299255476,"-1"
2.79575887371104,163.331111307323,"-1"
1.93240508349789,186.654038839112,"-1"
1.68484047785487,173.835875805961,"-1"
1.18740299733306,134.758571851068,"-1"
3.04616840971333,161.591106238313,"-1"
1.8984986291665,151.012699526727,"-1"
3.07298952939602,202.984221790903,"-1"
4.09600112675127,110.83753989842,"-1"
3.57690910278729,157.893089212109,"-1"
1.83847430477675,126.012791964218,"-1"
3.4107721340087,97.4470032222435,"-1"
1.96340520882372,135.642209457453,"-1"
2.73064426996501,119.760703851235,"-1"
2.63107219971675,151.561188065717,"-1"
2.93496465154554,161.802931312552,"-1"
2.50716862615727,153.000841693202,"-1"
2.73315178329037,149.823960326212,"-1"
3.00568017839911,170.658858695322,"-1"
0.802164220326291,135.539678459704,"-1"
2.28150706501753,69.1132210788955,"-1"
2.80341572051857,183.790933383282,"-1"
2.66592926616427,146.551371080835,"-1"
2.6040603861182,172.114730415701,"-1"
3.88321218388216,166.207212096927,"-1"
2.39457809304677,145.753034641219,"-1"
2.57214403119618,169.922558842463,"-1"
2.40187524408514,111.422035505016,"-1"
4.37838877798522,164.498793824986,"-1"
2.00211024385029,188.113679455517,"-1"
3.37686410393528,195.927549209489,"-1"
3.41036696014151,135.823486607103,"-1"
1.90742809129976,141.191735520912,"-1"
3.49014595184437,182.03931260997,"-1"
2.97169567806532,133.730733750737,"-1"
3.30593469095857,166.344411639919,"-1"
1.09759479481483,142.878570657442,"-1"
1.88125459703173,129.486476937221,"-1"
2.19061176339083,151.744750637331,"-1"
2.65067802524528,145.431539035297,"-1"
2.45044497052402,137.492467199669,"-1"
2.38128941910228,132.404195164592,"-1"
2.97928432103948,171.048735754423,"-1"
3.23107826623372,203.426171522264,"-1"
3.83328004803864,138.179010969975,"-1"
2.98291037791711,114.443404426595,"-1"
1.57039087240479,122.928283367135,"-1"
1.40221440998908,155.925089924935,"-1"
3.56723311281713,150.471516247233,"-1"
2.18516595356727,117.547257748089,"-1"
2.78286811077651,156.795893767913,"-1"
2.82004438534672,147.001955799451,"-1"
3.03339205935146,159.400125799639,"-1"
2.16380699517153,146.633907233285,"-1"
2.23746029378378,106.095971230889,"-1"
2.85033878118383,191.392708257529,"-1"
1.87276453849082,191.040196124353,"-1"
2.31853021429878,151.244247576558,"-1"
2.03423174794311,196.595249041939,"-1"
1.6215117220088,177.56186574918,"-1"
2.62988195416156,120.01401350538,"-1"
2.8604955806556,175.208800962756,"-1"
2.57863961879784,116.540024898912,"-1"
2.76724444935256,139.876283359802,"-1"
2.42770219942466,164.612624266363,"-1"
2.35964990351991,190.157738986718,"-1"
1.24342291243533,126.992802963457,"-1"
3.46927442186829,157.064080189104,"-1"
3.66635063342868,185.843326498636,"-1"
3.19206038233184,151.128252049459,"-1"
2.97190037978742,96.060548790781,"-1"
2.56625627324811,177.918194590003,"-1"
2.17705217220045,168.607717854435,"-1"
2.65502233301985,178.054570588026,"-1"
2.05748585663755,148.44014669612,"-1"
3.06277147185599,186.623269091497,"-1"
2.81813498371407,155.106275680202,"-1"
2.50800444038688,151.44244648334,"-1"
2.29556984787873,147.512298508318,"-1"
2.7414393699753,219.30694602742,"-1"
3.0788672650311,174.893067793402,"-1"
3.63213612318888,77.4164200620781,"-1"
1.40129639540728,136.373692712711,"-1"
2.02036154378537,172.912182048321,"-1"
3.86812494419884,131.192042499718,"-1"
2.36884997672012,125.139706593263,"-1"
3.78368115244517,126.668220644658,"-1"
1.86106019626571,160.65603330767,"-1"
3.44429939907908,134.145414171944,"-1"
1.81232813493775,149.708605759592,"-1"
1.80420026206049,145.991810523838,"-1"
2.73646765223602,145.455743698776,"-1"
2.2801296663846,134.169052565979,"-1"
1.61009540384013,126.366958564477,"-1"
1.61511047481116,195.923038302978,"-1"
2.74642287118701,176.596343531749,"-1"
1.6314496623079,154.049084387067,"-1"
3.31347154373581,154.169688401687,"-1"
3.53518606131868,156.861889867308,"-1"
1.53445666861639,205.411264065816,"-1"
1.10002327444661,139.152755358152,"-1"
0.743817958041989,115.407808399276,"-1"
3.12407195664525,152.245743111893,"-1"
1.63162818661977,166.915542774409,"-1"
3.31290286034762,153.950713550292,"-1"
2.33167471137675,137.564951863606,"-1"
1.42906666497663,175.870047188685,"-1"
1.79908825648165,195.674507097654,"-1"
2.53773831052675,151.607820628604,"-1"
4.1135618978486,205.886913245125,"-1"
2.79815920088834,107.770421842448,"-1"
1.21579064435624,126.050986291558,"-1"
2.09800144729564,183.860190042243,"-1"
1.54331399097703,132.865996943722,"-1"
1.64314590529071,184.657161160155,"-1"
3.09694935334697,130.13022476357,"-1"
2.15049084859024,186.822048753781,"-1"
3.361893918326,138.598048084955,"-1"
2.69422971280955,149.020819487975,"-1"
2.54017406322952,160.716277475087,"-1"
3.82296307769337,112.672259715787,"-1"
2.07412357026587,148.736683549352,"-1"
2.76256949735601,150.652208613905,"-1"
5.23318370519094,187.244727542315,"-1"
2.21562756558409,118.546963585888,"-1"
3.93029856526848,188.425980459589,"-1"
1.23162805275197,147.189383040553,"-1"
2.72020116229849,138.95322133413,"-1"
2.06222955430643,177.803200285925,"-1"
1.28190592871158,159.094009878715,"-1"
2.00514193988162,176.500234402472,"-1"
4.36028481965146,198.549631366259,"-1"
2.34625090702268,148.378336009623,"-1"
2.04794916032146,97.4275026303564,"-1"
3.34287289409593,134.677177657403,"-1"
1.94432489214263,143.519863968237,"-1"
2.68886492445234,152.470766890736,"-1"
2.72413858990451,103.424635301878,"-1"
2.16478358887704,128.746279692601,"-1"
2.1990072825579,135.944502113957,"-1"
3.83220726739,143.414719997121,"-1"
2.37174353007744,130.965936338142,"-1"
4.24008911426606,134.655227352481,"-1"
2.33747793781051,202.999616032796,"-1"
2.30169371508771,144.572265418342,"-1"
2.0104931918628,111.122778520121,"-1"
0.191192302697303,117.85805787996,"-1"
0.980343852445012,150.755366488781,"-1"
2.42304113330456,205.967555940689,"-1"
1.90858642808404,168.265000913157,"-1"
3.74948462723737,111.541397793813,"-1"
2.76785771891752,148.422937866501,"-1"
2.09811969258278,126.78712036575,"-1"
3.32745462716469,115.606911644317,"-1"
1.92170584133351,152.651153130549,"-1"
2.63501169466775,223.212886982086,"-1"
3.01376096521439,192.486485640202,"-1"
2.53331926822288,108.143357580923,"-1"
2.31554388099405,161.973370658222,"-1"
2.28352026331908,168.276973126896,"-1"
2.19703852727831,177.168346324138,"-1"
3.67293892817455,163.172675832933,"-1"
2.51114713913577,195.474637139725,"-1"
1.7646826499057,111.908794900481,"-1"
2.07537463442825,173.985056450552,"-1"
1.68555173481744,139.681372954998,"-1"
2.84847519459911,134.767069541839,"-1"
2.26662981098989,182.343619260497,"-1"
2.72872321366587,213.426138668421,"-1"
2.74620162814093,162.019928413755,"-1"
0.0615648327112663,173.271777986303,"-1"
1.79331665295067,137.179837598306,"-1"
4.22351983058836,157.588495246355,"-1"
2.65933093161521,108.5422365295,"-1"
2.38660628714616,155.644347975124,"-1"
2.91944267882206,194.556211614434,"-1"
2.94916611262884,192.274132760782,"-1"
1.44328539598809,146.30394506279,"-1"
2.50604518586608,154.381484932272,"-1"
3.08286728400032,108.11927891952,"-1"
2.68653589726274,87.467069815232,"-1"
2.30245579301523,168.07267952231,"-1"
2.32390503514282,126.351606784017,"-1"
1.66591975782663,152.574529448808,"-1"
2.2402779857897,169.143186024815,"-1"
2.82064108478767,193.605949340662,"-1"
1.96314856675982,188.718541059913,"-1"
2.52299859083368,178.86162040525,"-1"
2.69702621403114,139.847952987219,"-1"
3.260663183564,182.903179228775,"-1"
1.21546620760983,123.977015703621,"-1"
2.60346493594438,122.990656495447,"-1"
3.30241794581845,112.857319689396,"-1"
2.76145012974588,151.140370259411,"-1"
1.00776274882958,168.225312388561,"-1"
2.42416919440074,183.19991573995,"-1"
3.52426806969316,181.073802949348,"-1"
1.70458763744113,155.025926355744,"-1"
2.6212539379079,140.371242213774,"-1"
1.92164585900907,150.525809495525,"-1"
3.33656614168669,166.601109835561,"-1"
3.42912490184417,183.472088992416,"-1"
2.73725509345047,130.29954666481,"-1"
2.89966815788799,115.992455879076,"-1"
2.40688527181201,91.4288361546947,"-1"
4.2434725309327,110.690388223448,"-1"
3.31823371704229,128.366699893373,"-1"
1.43999298104836,133.119401995136,"-1"
1.4011255852465,157.458441015705,"-1"
2.49003280743304,125.038477917022,"-1"
2.23109895445836,141.484050563813,"-1"
2.69360612575052,119.079446279318,"-1"
2.16365189243253,116.579402643235,"-1"
2.05504780205938,139.979402116951,"-1"
3.27464363052717,108.371163681574,"-1"
3.23369986121125,128.434512530185,"-1"
3.06159906048128,222.905579842142,"-1"
2.47863604672194,155.566827631494,"-1"
3.16986757412297,131.415255774745,"-1"
1.25210867756467,148.446860114293,"-1"
1.41037875674232,170.778983762004,"-1"
3.44013395384601,159.139230668045,"-1"
2.14249545268211,143.701860474528,"-1"
2.72973316664813,107.116064844185,"-1"
3.96256539038156,141.484678549792,"-1"
2.170989044762,184.497781882157,"-1"
1.66509056401601,153.071029548671,"-1"
0.129070896702608,161.53498479106,"-1"
2.35096260344612,152.067008013528,"-1"
2.35202451159425,167.885531602424,"-1"
3.2649262845747,205.763580012406,"-1"
2.07557251934387,165.988612144409,"-1"
2.25999358679359,105.424452623883,"-1"
2.39186637993315,159.989192332695,"-1"
2.77389017267696,137.759854111725,"-1"
3.00686873827985,153.172213928668,"-1"
1.9501830904291,130.769958354264,"-1"
2.72710183903771,187.512467284143,"-1"
2.78176958861599,149.713678251396,"-1"
2.55763487919595,165.580480735832,"-1"
3.62841415755895,136.809777628704,"-1"
1.07786203914415,223.727245334452,"-1"
2.99279931415663,145.848487988592,"-1"
3.48316980544666,163.435879321002,"-1"
1.50472313501299,140.084739029134,"-1"
2.6161279773293,134.776989979775,"-1"
1.72072973541827,151.6621371352,"-1"
2.21373030602328,187.424695400533,"-1"
2.52808495976503,196.823369647592,"-1"
2.36705275339855,144.894957313946,"-1"
4.06695265113802,150.655754165095,"-1"
2.42694158588435,184.736474910966,"-1"
1.4168075738139,196.034662804365,"-1"
1.89593645644605,138.541701810289,"-1"
2.24407092236413,145.223835295288,"-1"
2.14079419421829,185.386874863825,"-1"
2.99872577822821,161.261265326976,"-1"
1.95117943023597,123.263506854386,"-1"
2.93834875117788,173.504052419839,"-1"
2.23944658716017,66.8227237858168,"-1"
1.5815355729418,177.590572818101,"-1"
2.44608667207135,164.503184004457,"-1"
1.9957145604702,165.67329883666,"-1"
2.51096740007065,168.627990819352,"-1"
3.80275405150735,139.439120882977,"-1"
2.42497792218255,147.553532786965,"-1"
2.37444697930415,123.199542184444,"-1"
1.32529203940621,108.892821305903,"-1"
2.67759068725621,168.7142021691,"-1"
2.35652401888157,118.270205570248,"-1"
3.68142777936733,190.38360561294,"-1"
0.942272092880396,186.153545279314,"-1"
1.8311813758113,142.077665062517,"-1"
2.07541316427996,155.141735149304,"-1"
2.55469690840626,194.949178003018,"-1"
2.00515105351834,153.016538779425,"-1"
2.65737147346757,168.737758027825,"-1"
4.4789623517322,171.535574587415,"-1"
2.19069753401184,191.268418815588,"-1"
2.5793774877705,140.374210509142,"-1"
1.90684692392897,153.17395389504,"-1"
3.36657126658232,135.338444781885,"-1"
1.51414551007621,108.439120581274,"-1"
2.15897197526999,83.5712626039019,"-1"
2.7124229005178,127.00135544933,"-1"
3.18789518578062,151.797084392112,"-1"
2.70254686340014,129.435349581326,"-1"
3.0156936809702,148.860745080339,"-1"
1.38111113894513,155.073608990297,"-1"
2.03865611428224,181.415330273934,"-1"
2.42716243063682,95.3425206261461,"-1"
3.34144445101131,215.136214039633,"-1"
2.48795378625046,153.480563237352,"-1"
2.30193805887758,179.200562104162,"-1"
2.56281601570057,96.3082424847777,"-1"
1.62996471489441,196.702725736167,"-1"
1.36366718083842,152.900142156936,"-1"
2.84327985360443,134.906883332988,"-1"
1.77393664752749,131.677785498799,"-1"
2.7313708573867,147.080378835966,"-1"
1.48026206167156,125.422405682337,"-1"
1.91329943420987,130.32177176078,"-1"
2.54809113946735,95.712077395171,"-1"
1.58936443495545,142.455756070718,"-1"
2.36964463785136,120.933851124395,"-1"
2.68419844209463,113.741688744286,"-1"
3.78422106157438,128.119002768391,"-1"
1.97076491992152,173.81701598622,"-1"
2.85911714830221,130.329501152596,"-1"
3.063504918342,198.796407045225,"-1"
4.36594619579467,215.127841718603,"-1"
3.91645173398691,103.076860648505,"-1"
3.22030166120993,132.78027809979,"-1"
3.56433070361821,147.166426583021,"-1"
2.22056230877957,127.957623521123,"-1"
3.34974803717071,190.687181016159,"-1"
2.00403649971127,154.630827418127,"-1"
3.0244901843469,125.136945856417,"-1"
2.5936066782651,134.638033729416,"-1"
2.09311370025709,117.41031711479,"-1"
2.8264382223811,135.533040390469,"-1"
3.1848396946829,182.703481617204,"-1"
3.00579395298483,121.348154680371,"-1"
1.61313536076689,168.491540106366,"-1"
1.2233738658646,142.384098559046,"-1"
2.3292586542681,100.627495552919,"-1"
1.5241762791245,126.440480499115,"-1"
2.50813145751693,100.183753043335,"-1"
2.4852232291605,206.674491199723,"-1"
2.09938980868698,157.500624701407,"-1"
1.1556394411715,154.293496630034,"-1"
2.13737983498261,150.433433744428,"-1"
2.15512566981307,157.277592543541,"-1"
1.17121945844336,141.254609614576,"-1"
2.97734883196979,138.182172272642,"-1"
2.36682952337299,123.426825858413,"-1"
2.54443619412494,144.644536129573,"-1"
2.9781894489723,146.915955707043,"-1"
3.42866294765305,121.213964257481,"-1"
1.45316554379684,154.347307316746,"-1"
4.36227083677998,110.140285562232,"-1"
1.96091847479003,157.302274112293,"-1"
2.57165731032807,148.028016680557,"-1"
2.93708293272558,177.238982343196,"-1"
2.11982066205671,150.168252542647,"-1"
3.39921414188282,165.949804226018,"-1"
2.24208357236945,193.210762319578,"-1"
2.33308447898154,159.78168393361,"-1"
4.43058489254445,175.922847646379,"-1"
2.53576680529167,139.767972612452,"-1"
2.85286267122721,133.72704792815,"-1"
0.791265774393949,141.393840039767,"-1"
2.61698437771258,122.036699385474,"-1"
2.51230453334034,155.279307000516,"-1"
1.29064908241329,157.539280172877,"-1"
2.30477752697252,119.986497284458,"-1"
1.77372408569922,148.414614629237,"-1"
1.77061065029303,161.953276927724,"-1"
2.44002249793741,132.320501301682,"-1"
2.57223080210799,118.53374742032,"-1"
2.69008182981116,153.364058039396,"-1"
3.57527121209095,109.271812843883,"-1"
2.07967535561245,187.179443800639,"-1"
2.50242685017933,146.217911596455,"-1"
2.68001302053928,119.515664785866,"-1"
3.13525595701063,136.413577673058,"-1"
1.58859286714536,172.215082821326,"-1"
2.53690779818207,141.224823896399,"-1"
2.62281630090458,147.116812649544,"-1"
1.46305107662483,168.080900207858,"-1"
1.43360889037945,177.967712065549,"-1"
3.50651708985707,137.697469267273,"-1"
3.11027747309689,165.516136817022,"-1"
2.0004622176722,148.819266763084,"-1"
2.70107897791855,156.683824158266,"-1"
2.38329666631176,159.291021506212,"-1"
1.88255019172785,164.50940217448,"-1"
3.16491553509725,156.27410136737,"-1"
1.96411820647863,138.524989684387,"-1"
2.61294613591732,160.090433710615,"-1"
2.96809852960694,155.672046375811,"-1"
3.4277671786557,162.157902389297,"-1"
1.96791554498703,140.994517621226,"-1"
3.5700813258097,158.851530459855,"-1"
4.17709895105909,140.642152594871,"-1"
2.59826491511977,156.511177773194,"-1"
1.82018374261116,124.344933936612,"-1"
1.88002875468519,206.853843594053,"-1"
2.05776194854127,154.545950529993,"-1"
2.91445763254025,146.826964420062,"-1"
3.60160187470178,112.518083568892,"-1"
2.51907481785482,147.441150259818,"-1"
1.81565128996928,156.460712217406,"-1"
2.0891915888497,158.352311928887,"-1"
3.42003182657119,147.449518749429,"-1"
1.33795247466225,146.178478245843,"-1"
2.47422881986915,162.354046700114,"-1"
2.01598456165773,176.10810635333,"-1"
3.19231375177698,130.755625933178,"-1"
2.77053216043183,143.834133364624,"-1"
2.26866838291205,120.203258347714,"-1"
1.05967014930782,135.649049529545,"-1"
2.69344552550054,114.996453399777,"-1"
1.56420390192913,130.112186088213,"-1"
2.08046211496989,181.738485442193,"-1"
3.72667649307393,176.692854003685,"-1"
3.90540032302264,135.001294346958,"-1"
3.3620621678158,156.713367382778,"-1"
2.63802285723933,156.748785458626,"-1"
2.02172378743998,213.206485412363,"-1"
2.88727773546679,112.420669497786,"-1"
3.1683390559767,141.086304947945,"-1"
3.20011844794423,157.339667532101,"-1"
1.49364459115095,126.565172441448,"-1"
1.58501785937226,148.961083881988,"-1"
1.7978106077209,120.892332296716,"-1"
2.81957896729319,144.523363448768,"-1"
1.38866296105811,179.562327417371,"-1"
3.14911756683241,149.847632934094,"-1"
1.30445026478345,152.159936302791,"-1"
2.83197940398514,147.348306234754,"-1"
2.41943161614907,121.428789149453,"-1"
2.57094628618134,80.8982586201608,"-1"
4.03132862150268,160.16061057214,"-1"
2.42433132512656,121.377263694313,"-1"
2.49818157934536,70.3037087686999,"-1"
2.22768332522994,144.300682567832,"-1"
3.10973654614195,117.734886401155,"-1"
3.62109087889907,150.459562402278,"-1"
1.69085502463607,139.672942742331,"-1"
2.71279103210334,153.084240665448,"-1"
1.19205746837011,179.747272528779,"-1"
3.75682769375811,119.863961754277,"-1"
2.87734616524586,170.61320972869,"-1"
3.71671357554026,146.009049757656,"-1"
2.11925386035534,131.06641376384,"-1"
2.73165836239487,130.223449769668,"-1"
3.472476388803,134.323015943764,"-1"
2.94830871946236,131.193269993478,"-1"
3.21067893141577,110.568914922191,"-1"
3.52140611120494,132.396092503381,"-1"
2.25865171800358,164.129250676194,"-1"
2.60680811613755,139.741655138062,"-1"
2.56592741167753,127.130467800312,"-1"
2.15000106948354,163.52817287488,"-1"
0.864187634054242,122.791812084767,"-1"
2.05113486578145,128.665594686918,"-1"
3.70291335580881,157.413690009217,"-1"
4.34283166322246,134.438254153436,"-1"
1.69889762037139,152.546514013992,"-1"
1.9907483058551,115.908239136969,"-1"
0.835037896152772,130.919648180146,"-1"
2.71676026678895,179.463393406597,"-1"
2.09009891229398,145.88564361266,"-1"
1.52270704927357,174.752826222609,"-1"
2.26178838012794,118.855631637767,"-1"
1.72128548551089,121.00469817606,"-1"
3.26408440590415,147.745222023901,"-1"
2.83858629808781,176.198994826315,"-1"
2.58497594215564,123.941867540495,"-1"
3.23321803361938,133.184198626334,"-1"
2.90739607069835,174.571694069901,"-1"
0.616314476348823,164.838292300832,"-1"
2.72548841027044,143.854471814003,"-1"
2.90318597570486,146.470478504686,"-1"
2.75994424447555,171.938790555343,"-1"
2.01859130144163,204.751935744123,"-1"
2.60415801233056,152.762475886166,"-1"
2.37328296959163,165.545808323006,"-1"
1.56563702641755,154.267897470576,"-1"
4.07365602223568,164.917826568102,"-1"
1.24788454979749,167.412163230118,"-1"
1.95945645027223,153.388283967265,"-1"
3.44899565506031,161.427087573184,"-1"
1.19512752654894,165.646887099084,"-1"
3.04568759005742,190.504879715876,"-1"
2.24383468196899,184.330216900219,"-1"
2.21732673843847,99.9081809853868,"-1"
0.957858110128465,132.155550718901,"-1"
1.93449753961826,225.932656232318,"-1"
2.83082426306641,175.006526412882,"-1"
2.17780279024895,94.4143368205567,"-1"
3.46685753839174,159.402234734804,"-1"
2.553006615829,143.450021726217,"-1"
2.49082531112718,192.385833368509,"-1"
2.43068536675876,132.401924654726,"-1"
2.83147974507066,137.837179684643,"-1"
3.52999202851994,196.904926813527,"-1"
3.18265867799968,130.256837138464,"-1"
3.14939949418523,133.812620240576,"-1"
3.7334545134756,116.961544692254,"-1"
2.1600260405018,122.291484536583,"-1"
2.45887928653927,110.494817007365,"-1"
3.99139467247565,163.392551317622,"-1"
2.10841981192765,135.61700592322,"-1"
3.08292436928996,181.021055218504,"-1"
2.74539953347231,137.685514685741,"-1"
4.13107751951757,151.250337732947,"-1"
3.77867320730505,128.07672966858,"-1"
2.69147097805666,163.750134151106,"-1"
2.98094395492906,197.44147677044,"-1"
0.109596914246961,158.249229671772,"-1"
2.44969088005809,173.872237239818,"-1"
3.04898923681245,148.67735233804,"-1"
4.46834946581484,150.043367331489,"-1"
2.60349854475121,125.862369587226,"-1"
3.00170013413862,121.316233940577,"-1"
2.56713988883203,102.258453647456,"-1"
1.49775585310949,122.356452200294,"-1"
2.57120408366094,168.590421289606,"-1"
3.00341593139345,165.658159687149,"-1"
2.73368484564248,155.966893057303,"-1"
3.08858744735601,154.930427597198,"-1"
2.49656657370812,152.413121854393,"-1"
2.14309554419227,125.241251193789,"-1"
3.31143984944118,131.416763668225,"-1"
1.46732067711292,168.117344058938,"-1"
3.10353043028302,140.553389228787,"-1"
2.60876009146435,156.722631615991,"-1"
0.411980173209228,134.775202789368,"-1"
2.09704246526959,106.029934472878,"-1"
3.53411429481348,181.762159715271,"-1"
0.840788644299982,147.038044132265,"-1"
3.66300299591332,142.060514195059,"-1"
3.65119993266491,162.62867174469,"-1"
3.4475764092483,213.30544855313,"-1"
2.44435962029357,151.017048672547,"-1"
2.05240108237385,192.591314119935,"-1"
1.25657039921092,175.712585844452,"-1"
2.43761741456178,134.766098594327,"-1"
2.32004211546597,169.163030709937,"-1"
4.02837795389736,154.911481229521,"-1"
2.70963782504886,175.213356137261,"-1"
2.07470474523556,169.935353062437,"-1"
3.30060051745555,138.443420044451,"-1"
3.1646025680497,105.179581454527,"-1"
2.10754894762909,163.021418644438,"-1"
2.87724657096726,157.506125490836,"-1"
2.00231959759919,133.182711543683,"-1"
1.95473098826314,167.633323961766,"-1"
1.78777929178786,142.999955621231,"-1"
2.18058205378168,197.33365707139,"-1"
1.7036192417473,154.505756827396,"-1"
3.16979023062056,138.042901050171,"-1"
3.02511065551862,188.704879281797,"-1"
2.40614429479662,82.6022384349292,"-1"
3.80507625607321,144.890195841837,"-1"
2.90336272571134,175.430258790835,"-1"
3.0565954143755,151.132915965367,"-1"
2.18469389852662,150.450035430671,"-1"
3.63586203373114,169.056193583397,"-1"
2.59690507764302,111.239638288939,"-1"
2.12434825556122,135.725898403422,"-1"
3.21015728005073,137.251409223646,"-1"
1.85611725557597,139.138504338261,"-1"
1.64027953550166,177.86633899711,"-1"
3.56168548510896,134.362432423704,"-1"
3.29845442554355,144.577970091351,"-1"
3.33568304411639,126.185257661518,"-1"
3.0416831291654,100.801489860462,"-1"
2.66273637632355,204.927277493265,"-1"
1.74050105042343,168.540244453597,"-1"
2.0722170296983,141.397642902062,"-1"
2.30421064030028,163.982129099944,"-1"
3.26889111437862,151.378114235966,"-1"
2.3515939004991,137.736734313706,"-1"
3.04314170655394,122.284212286122,"-1"
2.98190155407501,136.603355269473,"-1"
2.22192525207986,106.043288836978,"-1"
1.4372212397344,99.553839047588,"-1"
2.36543103435555,100.102590651559,"-1"
2.21122349058572,124.854082606348,"-1"
1.22225550116273,146.434159997837,"-1"
2.21547168640128,118.764696722495,"-1"
3.52205273363038,179.02489226699,"-1"
1.92569822568034,132.341394427573,"-1"
1.96328131592042,127.044359657917,"-1"
3.89692883026133,153.764504395116,"-1"
2.56920045723431,147.666357689711,"-1"
1.18597773311494,117.369906522157,"-1"
1.51442767357023,184.045481687644,"-1"
4.20939600663553,151.353487869821,"-1"
3.41748327758157,182.213695268735,"-1"
2.36188368612897,166.98959941796,"-1"
0.93281731110686,174.983036929517,"-1"
0.987167251076736,117.012010289936,"-1"
1.4176511695259,128.392051961499,"-1"
1.36646781317141,141.18141486523,"-1"
2.23968472755394,105.215029086068,"-1"
3.45499414553006,164.267330309182,"-1"
2.12414358597987,159.804963749677,"-1"
1.86416388432604,150.435181358211,"-1"
1.54267943831017,102.750043883671,"-1"
1.51403689840205,135.344579585015,"-1"
2.16163802441075,167.417286420286,"-1"
1.48432605999101,131.68881958275,"-1"
3.88057105242303,147.396475908717,"-1"
2.27096074376325,153.842819851096,"-1"
3.28001982580233,184.690409861511,"-1"
1.97522032912938,150.706268321961,"-1"
2.55905552894338,138.660752481472,"-1"
1.70114422300266,161.473412326801,"-1"
1.85488795420645,122.00334101351,"-1"
2.13697465809492,70.3161181663584,"-1"
2.34945721006382,147.93582344988,"-1"
2.64792622958401,125.384691952596,"-1"
2.63090907119498,126.158356367744,"-1"
3.12010455825315,191.881005071499,"-1"
1.86174651906816,166.883945213982,"-1"
3.27128463784118,176.310352262734,"-1"
2.90105164026389,197.521261531678,"-1"
1.27153293520156,119.554555495699,"-1"
1.44772310585,148.933377217589,"-1"
3.74054859305548,181.19046241696,"-1"
2.64233087933492,159.847192737542,"-1"
2.24764334912957,135.052943342049,"-1"
2.69971753494057,148.034606404093,"-1"
1.44195200840603,113.418143983992,"-1"
2.28929177738327,177.873030013212,"-1"
3.05706572591298,174.677785070728,"-1"
2.07912871962251,128.761580341149,"-1"
1.96381720986046,193.813552938448,"-1"
1.87558712738227,189.07027198979,"-1"
3.63425173687348,105.488027538709,"-1"
2.8845424653813,201.932171250024,"-1"
1.30040096912387,142.052865552395,"-1"
1.9523018059666,191.3853755687,"-1"
0.885853675758006,98.0529607740878,"-1"
2.51576867830831,150.150762733688,"-1"
2.69889833964613,153.918630597322,"-1"
2.27705960013979,139.06882360117,"-1"
1.59861945650891,164.191796522647,"-1"
1.08148818398651,122.609035048701,"-1"
2.05782640080628,140.539161313976,"-1"
0.624354490569847,118.775300415684,"-1"
3.29099613725551,154.599373073609,"-1"
1.93782384979283,144.123832699624,"-1"
0.35154580640459,148.053011648019,"-1"
3.32179190765484,171.1269366762,"-1"
2.77022386089251,135.192816493749,"-1"
0.294795783882407,140.666513742651,"-1"
2.27684881399834,148.953380801113,"-1"
1.667397897263,142.857699371748,"-1"
3.56067683794391,176.112926155358,"-1"
4.01864353898794,179.201076716165,"-1"
2.61578061743869,208.414089322769,"-1"
3.2924396753428,140.256177780166,"-1"
3.6740322014507,201.26802668076,"-1"
2.13997159868847,155.215385585007,"-1"
2.88916524043732,90.391032739637,"-1"
2.30031727256873,106.498004447176,"-1"
2.01740430560215,114.21599317593,"-1"
2.79519917260097,115.224788848424,"-1"
2.28452737612735,156.586380823088,"-1"
3.20756276087255,199.10393285514,"-1"
2.70958506354022,247.863344005223,"1"
2.20987556606622,278.523465311916,"1"
1.89801169688379,246.107033353108,"1"
3.64705367649096,298.032224503161,"1"
2.04648133869435,195.810262997594,"1"
3.13740731680475,290.329730457267,"1"
1.51700528752455,256.163659842816,"1"
2.05162848270424,282.409332484495,"1"
1.33726969616392,304.925302354939,"1"
2.02866254789753,282.78533639263,"1"
3.41416545053432,313.638016293908,"1"
2.213925741183,270.208618410425,"1"
3.01661387804078,192.2940330464,"1"
1.0955073264575,233.68205822683,"1"
2.23487035404327,282.171197052369,"1"
2.45263105921335,233.932916159199,"1"
1.95960700360147,262.450228719036,"1"
2.94293797134653,234.528979495334,"1"
1.62901360022601,264.170417738688,"1"
2.76175591202996,249.939101555352,"1"
2.70100513779001,248.545276044726,"1"
3.04128790991328,268.638894578742,"1"
3.3590705452554,294.383273714589,"1"
3.26661005946406,237.005168848563,"1"
3.4725196761578,214.162568750409,"1"
2.72999064138526,284.65934831129,"1"
1.6075420747896,207.824205461149,"1"
3.29510141815232,260.067767694129,"1"
3.86437809713355,273.273562460487,"1"
2.82696338061249,257.200256680156,"1"
1.9601878781693,305.968231975353,"1"
2.70781703154406,246.914379336882,"1"
2.09798209121784,284.77498289192,"1"
2.64417365382813,293.344878140377,"1"
2.68856845726739,248.913817825109,"1"
0.891453462810056,267.390904526093,"1"
3.85272986413233,226.709369462375,"1"
3.00397756687345,287.448476552539,"1"
2.98628918332626,271.592013171874,"1"
2.10282455389375,199.796478430178,"1"
1.81399588669852,253.753130546814,"1"
3.37930568663396,265.314983466795,"1"
1.317777905667,277.156389760107,"1"
3.4392677672279,251.315696614414,"1"
0.959934548495807,216.867310980201,"1"
2.8735094805291,246.943283073895,"1"
1.65706035553804,304.722860081657,"1"
1.77590056009759,219.311538497014,"1"
1.8046174565625,219.866290878023,"1"
2.67265025323695,237.887876596484,"1"
3.57795174569558,178.539839341833,"1"
2.68991983351507,211.514387924779,"1"
3.42880795320061,198.162417934721,"1"
2.89062895838086,283.816321833963,"1"
0.523672049078513,279.383763386303,"1"
2.66381016490008,216.217703754389,"1"
1.94552727850859,264.667200175147,"1"
3.38255725926629,239.195038540715,"1"
1.48537007217228,252.179107308372,"1"
1.88684267370272,295.64111405644,"1"
2.36445875487884,190.73252095148,"1"
3.2722010337305,241.202548709322,"1"
2.29392273362642,260.265566212058,"1"
3.34524642105382,190.379753172013,"1"
3.11699670741052,252.280228904964,"1"
3.02212776164762,277.278524564713,"1"
0.576493642439993,244.510780494123,"1"
2.32338331907574,252.071909630789,"1"
2.55838783265586,250.901758465757,"1"
3.43404460707682,257.023516289992,"1"
2.64235588473252,268.569268970513,"1"
2.80368340853081,245.519356593408,"1"
3.13843131066917,191.008705367436,"1"
2.84204150344566,295.060976359133,"1"
1.76365659825527,226.801254905046,"1"
1.18655538190164,235.021926706433,"1"
1.89066005427835,236.307662666021,"1"
1.09663434851657,256.693052003678,"1"
1.33703236334878,246.519645013536,"1"
2.59782274940809,261.881118559058,"1"
2.56316018576757,235.923846876435,"1"
1.68437787704624,251.702999316051,"1"
2.75527358557155,258.224417216306,"1"
1.93783424821839,272.532746199113,"1"
3.18361738309124,233.383493617661,"1"
1.67435637023561,258.527113813695,"1"
2.90825055584185,263.244961317567,"1"
1.76838066582983,248.890566378113,"1"
2.31301669172829,242.22953162665,"1"
1.27233826006235,282.065681180661,"1"
1.82100264572782,258.509935840282,"1"
3.82931018880469,168.060654800586,"1"
2.09791730305396,244.963813644933,"1"
1.71055374391562,236.954535009052,"1"
2.2614979075087,256.223556321383,"1"
3.48641626913291,261.393484192315,"1"
2.94918319392025,261.932816484487,"1"
2.38959022379342,271.584607638301,"1"
4.25630246112159,217.118662372684,"1"
2.55559596200962,202.872714441674,"1"
3.0838239719499,245.631676468336,"1"
1.60360565958021,241.355175434403,"1"
3.26650522489703,271.859168802463,"1"
2.53097604819362,287.741256244873,"1"
2.48419237231015,246.37363112202,"1"
3.69437364516082,197.774169396093,"1"
2.81944080741536,290.278631256831,"1"
3.37353804163668,262.428379976478,"1"
2.83258913543554,244.457907371855,"1"
1.9652160075379,270.791757850041,"1"
1.36580634902269,250.757646458051,"1"
2.71305502972131,321.569766994859,"1"
1.95915414451893,232.584080814114,"1"
2.73974156997343,253.257472891558,"1"
2.7505022941739,216.482211215266,"1"
1.63178638504915,206.939460538904,"1"
2.21608187805351,272.366653898312,"1"
1.75524531693322,289.0901076975,"1"
4.04160346371983,271.83653621496,"1"
3.27125092130375,207.683876257927,"1"
2.3150553342078,262.393852339243,"1"
3.58566538168957,220.316077394558,"1"
3.10892065609018,262.029706181576,"1"
2.37714390955463,185.095632517211,"1"
2.2500741193693,286.468116158442,"1"
1.82140234292463,306.265607484114,"1"
2.84782866624708,254.694729020612,"1"
2.26472956525811,289.827298617567,"1"
2.70867431377486,227.46817606551,"1"
3.39227814700734,244.052058392504,"1"
3.40101286793247,273.933203167119,"1"
2.65329047743764,251.17112687074,"1"
2.5040180489834,211.636460661756,"1"
3.69500096526808,244.701597050418,"1"
1.98184767984131,238.522980804271,"1"
0.92908338837144,236.374667405552,"1"
2.04476758851895,272.725796654983,"1"
1.28764602805529,295.256005130373,"1"
2.13192495765212,256.46393217944,"1"
2.60614497160037,260.576169044297,"1"
3.47362894251929,270.71436541127,"1"
2.65714430740413,250.060155864826,"1"
2.80857065363283,316.19236303591,"1"
3.39892255664154,258.524500084573,"1"
1.93478852496069,259.316797807855,"1"
3.36696213560105,300.340850684845,"1"
2.55563098616556,182.312358227684,"1"
2.92565239065519,263.733328250187,"1"
2.48875455213161,238.143502778302,"1"
1.92415446482262,233.483922858831,"1"
3.19866734114791,245.420322935831,"1"
2.21562600894844,325.09215595699,"1"
2.79259946316686,263.020806563021,"1"
2.47032191047974,239.759201093717,"1"
1.80105169497871,213.53059488246,"1"
0.662254289534812,310.537063799505,"1"
2.12497451670534,221.116524059445,"1"
2.6539360515145,262.282091651674,"1"
2.25728092730435,273.54727271303,"1"
1.82003558170228,271.390948358595,"1"
1.2536112676294,229.966326728448,"1"
2.52126746280437,224.389378498412,"1"
2.55743198437354,216.760391217139,"1"
3.54925333172918,259.526439781633,"1"
2.60213051978316,258.520971110902,"1"
3.67500696422783,244.393079716799,"1"
2.5190915291182,211.683825132774,"1"
2.12630553540323,204.431159164953,"1"
2.75326939527326,284.625506820863,"1"
2.45149354762289,248.879934469847,"1"
2.42813067628184,253.449065032273,"1"
1.42788714381756,276.573643560161,"1"
2.21941125323515,264.123630538994,"1"
1.2559625559311,221.843615851783,"1"
2.13980673064299,214.453287487384,"1"
3.23389654980385,201.934441199901,"1"
0,218.416725275904,"1"
1.9213551513262,253.630147160411,"1"
2.22891969916763,259.507499985009,"1"
1.52364504857823,219.702450172318,"1"
1.39759477575026,294.82412524075,"1"
3.94133082637142,261.5076391357,"1"
3.07344495150901,320.062244917083,"1"
1.60120590545236,273.485605765893,"1"
2.66141132112643,246.789758512725,"1"
2.07821614820305,279.144335105206,"1"
1.67932300438287,261.000881683577,"1"
2.91134457666128,264.85424977394,"1"
3.06349640878096,289.373148280316,"1"
1.66165374766512,296.510557801133,"1"
4.26063496725937,252.052578788828,"1"
1.62715700587126,252.244576550234,"1"
3.17907089478665,264.251541655619,"1"
2.49553512514525,232.070956887221,"1"
2.16108292469285,295.529948219331,"1"
2.4015849103464,276.607838088672,"1"
3.62157913988919,219.060818435007,"1"
3.50850750153397,242.117936165748,"1"
2.51114383008429,253.539355081158,"1"
3.25445534386295,284.046344724292,"1"
